business_description,domain_name
Handmade Crafts,handmadecrafts.org
Online Bookstore,onlinebookstore.org
Travel Agency,travelagency.org
Yoga Studio,yogastudio.net
Yoga Studio,yogastudio.com
Handmade Crafts,handmadecrafts.net
Digital Marketing Agency,digitalmarketingagency.net
Tech Startup,techstartup.com
Handmade Crafts,handmadecrafts.org
Yoga Studio,yogastudio.com
Digital Marketing Agency,digitalmarketingagency.net
Online Bookstore,onlinebookstore.org
Tech Startup,techstartup.net
Handmade Crafts,handmadecrafts.net
Organic Grocery,organicgrocery.com
Tech Startup,techstartup.net
Online Bookstore,onlinebookstore.com
Travel Agency,travelagency.net
Digital Marketing Agency,digitalmarketingagency.com
Travel Agency,travelagency.com
Travel Agency,travelagency.com
Pet Grooming,petgrooming.net
Yoga Studio,yogastudio.com
Pet Grooming,petgrooming.org
Pet Grooming,petgrooming.com
Online Bookstore,onlinebookstore.com
Online Bookstore,onlinebookstore.net
Online Bookstore,onlinebookstore.net
Travel Agency,travelagency.net
Handmade Crafts,handmadecrafts.net
Handmade Crafts,handmadecrafts.net
Fitness Trainer,fitnesstrainer.org
Yoga Studio,yogastudio.org
Online Bookstore,onlinebookstore.net
Fitness Trainer,fitnesstrainer.com
Organic Grocery,organicgrocery.org
Coffee Shop,coffeeshop.org
Organic Grocery,organicgrocery.net
Organic Grocery,organicgrocery.org
Digital Marketing Agency,digitalmarketingagency.com
Yoga Studio,yogastudio.com
Organic Grocery,organicgrocery.org
Organic Grocery,organicgrocery.org
Yoga Studio,yogastudio.com
Handmade Crafts,handmadecrafts.com
Tech Startup,techstartup.com
Organic Grocery,organicgrocery.com
Yoga Studio,yogastudio.com
Coffee Shop,coffeeshop.net
Handmade Crafts,handmadecrafts.org
